{"BaCay":{"hash":"be7cd","url":"https://game.789a.vin/assets/BaCay"},"BauCua":{"hash":"9fce9","url":"https://game.789a.vin/assets/BauCua"},"BaiCao":{"hash":"9f014","url":"https://game.789a.vin/assets/BaiCao"},"CaoThap":{"hash":"3f5a6","url":"https://game.789a.vin/assets/CaoThap"},"internal":{"hash":"js","url":"https://game.789a.vin/assets/internal"},"Lieng":{"hash":"d4778","url":"https://game.789a.vin/assets/Lieng"},"Lobby":{"hash":"ec60b","url":"https://game.789a.vin/assets/Lobby"},"Loto":{"hash":"46ed0","url":"https://game.789a.vin/assets/Loto"},"main":{"hash":"js","url":"https://game.789a.vin/assets/main"},"MauBinh":{"hash":"6b03a","url":"https://game.789a.vin/assets/MauBinh"},"MiniPoker":{"hash":"9d153","url":"https://game.789a.vin/assets/MiniPoker"},"Poker":{"hash":"d94b9","url":"https://game.789a.vin/assets/Poker"},"OanTuTi":{"hash":"fc61f","url":"https://game.789a.vin/assets/OanTuTi"},"resources":{"hash":"js","url":"https://game.789a.vin/assets/resources"},"Sam":{"hash":"b39a2","url":"https://game.789a.vin/assets/Sam"},"ShootFish":{"hash":"15403","url":"https://game.789a.vin/assets/ShootFish"},"Slot1":{"hash":"a13d9","url":"https://game.789a.vin/assets/Slot1"},"Slot11Bikini":{"hash":"cb06f","url":"https://game.789a.vin/assets/Slot11Bikini"},"Slot10":{"hash":"f177f","url":"https://game.789a.vin/assets/Slot10"},"Slot3x3":{"hash":"59da8","url":"https://game.789a.vin/assets/Slot3x3"},"Slot3":{"hash":"15670","url":"https://game.789a.vin/assets/Slot3"},"Slot3x3Gem":{"hash":"99ee7","url":"https://game.789a.vin/assets/Slot3x3Gem"},"Slot6":{"hash":"16c75","url":"https://game.789a.vin/assets/Slot6"},"Slot4":{"hash":"1131b","url":"https://game.789a.vin/assets/Slot4"},"Slot8":{"hash":"e5fd6","url":"https://game.789a.vin/assets/Slot8"},"Slot7":{"hash":"0bec5","url":"https://game.789a.vin/assets/Slot7"},"TaiXiuDouble":{"hash":"8e1db","url":"https://game.789a.vin/assets/TaiXiuDouble"},"TaiXiuMD5":{"hash":"js","url":"https://game.789a.vin/assets/TaiXiuMD5"},"TaiXiuSieuToc":{"hash":"07749","url":"https://game.789a.vin/assets/TaiXiuSieuToc"},"TienLen":{"hash":"6f4da","url":"https://game.789a.vin/assets/TienLen"},"XocDia":{"hash":"fd14c","url":"https://game.789a.vin/assets/XocDia"}}