[1,["ecpdLyjvZBwrvm+cedCcQy","e7q6FL+VZEgLJUjVeDLic/","71VhFCTINJM6/Ky3oX9nBT","67wTiZWMFHPZ5kW1jX/dKe","7a/QZLET9IDreTiBfRn2PD","d0epOw7sFP55maZECUTvu6","9frSPCRsNIgICIN/cT8QC8","14G1+h95BFAKrV+kUC0IA6","9fTeiD3yVMErnFMVIAL/II","d2UF05wGFLo6d7qg6OFB2V","29FYIk+N1GYaeWH/q1NxQO","5a6GltXfxFx4/t1S0NNF0o","1e85qRPmNMS7AkaZPRH3ks","56fc2Ai/RFNYpaMT8crweK"],["node","_textureSetter","_parent","_spriteFrame","_N$file","spriteProgress","nodeSlider","lbTips","lblStatus","lb_Info","loadingBar","loadingNode","scene","_N$skeletonData","manifestUrl","_normalMaterial","_N$normalSprite","_N$pressedSprite","_N$hoverSprite","_N$disabledSprite"],[["cc.Node",["_name","_id","_objFlags","_components","_contentSize","_trs","_parent","_children","_color"],0,9,5,7,1,2,5],"cc.SpriteFrame",["cc.Node",["_name","_active","_parent","_components","_contentSize","_trs","_children","_color"],1,1,2,5,7,12,5],["cc.Widget",["_alignFlags","_bottom","_top","_originalWidth","_originalHeight","node"],-2,1],["cc.Sprite",["_sizeMode","_enabled","_type","_fillRange","_materials","node","_spriteFrame"],-1,3,1,6],["cc.Label",["_fontSize","_isSystemFontUsed","_styleFlags","_N$horizontalAlign","_N$verticalAlign","_string","_lineHeight","_materials","node"],-4,3,1],["cc.SceneAsset",["_name","asyncLoadAssets"],1],["cc.Node",["_name","_active","_parent","_components","_contentSize","_trs"],1,1,12,5,7],["cc.Canvas",["_fitWidth","_fitHeight","node","_designResolution"],1,1,5],["06c935DvwpCJ5nCCvhzAwFf",["node","lblStatus","lbTips","nodeSlider","spriteProgress"],3,1,1,1,1,1],["2ffa0G2dXNOEK/nOzR1EEZB",["node","loadingNode","loadingBar","lb_Info","manifestUrl"],3,1,1,1,1,6],["cc.Scene",["_name","_active","autoReleaseAssets","_children","_anchorPoint","_trs"],0,2,5,7],["cc.Camera",["_clearFlags","_depth","node"],1,1],["sp.Skeleton",["defaultSkin","defaultAnimation","_preCacheMode","premultipliedAlpha","_animationName","node","_materials","_N$skeletonData"],-2,1,3,6],["cc.Button",["zoomScale","_N$enableAutoGrayEffect","_N$transition","node","_N$pressedColor","_N$disabledColor","_N$target"],0,1,5,5,1],["cc.Slider",["_N$progress","node","_N$handle"],2,1,1]],[[3,0,1,5,3],[6,0,1,3],[0,0,1,7,3,4,5,3],[0,0,6,7,3,4,5,2],[0,0,2,6,4,3],[0,0,6,3,8,4,5,2],[0,0,6,3,5,2],[0,0,6,3,4,5,2],[2,0,1,2,6,3,4,5,3],[2,0,1,2,3,4,5,3],[2,0,1,2,3,7,4,5,3],[2,0,2,3,4,5,2],[7,0,1,2,3,4,5,3],[8,0,1,2,3,3],[3,0,5,2],[3,0,2,1,3,4,5,6],[9,0,1,2,3,4,1],[10,0,1,2,3,4,1],[4,1,0,5,4,6,3],[4,0,5,4,6,2],[4,1,2,0,3,4,5],[5,5,0,1,2,3,4,7,7],[5,0,6,1,2,3,4,8,7,7],[11,0,1,2,3,4,5,4],[12,0,1,2,3],[13,0,1,2,3,4,5,6,7,6],[14,0,1,2,3,4,5,6,4],[15,0,1,2,2]],[[[{"name":"default_btn_disabled","rect":[0,0,40,40],"offset":[0,0],"originalSize":[40,40],"capInsets":[12,12,12,12]}],[1],0,[0],[1],[2]],[[[1,"Loading",null],[2,"Canvas","d4GmlnA4lDI7yNFulvsP6z",[-12,-13,-14,-15],[[13,true,false,-1,[5,1560,720]],[14,45,-2],[16,-7,-6,-5,-4,-3],[17,-11,-10,-9,-8,9]],[5,1560,720],[780,360,0,0,0,0,1,1,1,1]],[3,"progress_bg",1,[-18,-19,-20,-21],[[18,false,0,-16,[7],8],[0,4,114.749,-17]],[5,110,110],[0,-190.251,0,0,0,0,1,1,1,1]],[8,"New Slider",false,2,[[[4,"Background",512,-23,[5,300,20]],-24],4,1],[-22],[5,600,43],[2.535,-38.366,0,0,0,0,1,1,1,1]],[5,"mobile-lobby-bg",1,[[19,0,-25,[0],1],[15,45,-15,-45,1280,720,-26]],[4,4291611857],[5,1560,780],[0,-15,0,0,0,0,1,1,1,1]],[20,false,3,0,1,[4]],[21,"Loading",60,false,3,1,1,[5]],[12,"lbTips",false,2,[[-27,[0,4,-60.375,-28]],1,4],[5,5.313914035497251,31.5],[0,-82.125,0,0,0,0,1,1,1,0.6]],[9,"Handle",false,3,[-29],[5,125.3333333,54],[300,0,0,0,0,0,1,1,1,0]],[23,"New Node",false,true,[1],[0,0,0],[0,0,0,0,0,0,1,1,1,1]],[6,"Main Camera",1,[[24,7,-1,-30]],[0,0,359.4005425705421,0,0,0,1,1,1,1]],[7,"lb_logo_sun",1,[[25,"default","loading",0,false,"loading",-31,[2],3]],[5,363,253],[0,4.445,0,0,0,0,1,1,1,1]],[10,"progress_fg",false,2,[5],[4,4294901736],[5,750,10],[-2.535,-1.823999999999998,0,0,0,0,1,1,1,1]],[11,"LabelProgress",2,[6],[5,183.75,40],[1.881,-65.531,0,0,0,0,1,0.6,0.6,0.6]],[22,25,25,false,3,1,1,7,[6]],[26,1.1,true,3,8,[4,4294967295],[4,4294967295],8],[27,1,3,15]],0,[0,0,1,0,0,1,0,5,5,0,6,16,0,7,14,0,8,6,0,0,1,0,9,6,0,10,5,0,11,1,0,0,1,0,-1,4,0,-2,10,0,-3,11,0,-4,2,0,0,2,0,0,2,0,-1,12,0,-2,13,0,-3,7,0,-4,3,0,-1,16,0,2,3,0,-2,8,0,0,4,0,0,4,0,-1,14,0,0,7,0,-1,15,0,0,10,0,0,11,0,12,9,1,2,9,5,0,12,6,0,13,31],[0,0,0,0,0,0,0,0,0,0,6,14,15,15,15,15,15],[-1,3,-1,13,-1,-1,-1,-1,3,14,4,4,15,16,17,18,19],[0,3,4,5,0,0,0,0,6,7,8,9,0,1,1,1,10]],[[{"name":"0c6835a5-276d-4765-a559-1de14b33b05f","rect":[0,0,1560,759],"offset":[-1,1],"originalSize":[1562,761],"capInsets":[0,0,0,0]}],[1],0,[0],[1],[11]],[[{"name":"mng_bg","rect":[0,0,400,400],"offset":[0,0],"originalSize":[400,400],"capInsets":[0,0,0,0]}],[1],0,[0],[1],[12]],[[{"name":"default_radio_button_off","rect":[3,3,26,26],"offset":[0,0],"originalSize":[32,32],"capInsets":[0,0,0,0]}],[1],0,[0],[1],[13]]]]